<?xml version="1.0" encoding="UTF-8"?>
<!DOCTYPE mapper PUBLIC "-//mybatis.org//DTD Mapper 3.0//EN" "http://mybatis.org/dtd/mybatis-3-mapper.dtd">
<mapper namespace="com.example.test.mapper.ErgmMapper">
  <resultMap id="BaseResultMap" type="com.example.test.bean.Ergm">
    <!--
      WARNING - @mbg.generated
      This element is automatically generated by MyBatis Generator, do not modify.
    -->
    <id column="id" jdbcType="VARCHAR" property="id" />
    <result column="yhid" jdbcType="VARCHAR" property="yhid" />
    <result column="xm" jdbcType="VARCHAR" property="xm" />
    <result column="dh" jdbcType="VARCHAR" property="dh" />
    <result column="dz" jdbcType="VARCHAR" property="dz" />
    <result column="spid" jdbcType="VARCHAR" property="spid" />
    <result column="spmc" jdbcType="VARCHAR" property="spmc" />
    <result column="tp" jdbcType="VARCHAR" property="tp" />
    <result column="sj" jdbcType="VARCHAR" property="sj" />
    <result column="jq" jdbcType="VARCHAR" property="jq" />
    <result column="zt" jdbcType="VARCHAR" property="zt" />
    <result column="ry1" jdbcType="VARCHAR" property="ry1" />
    <result column="ry2" jdbcType="VARCHAR" property="ry2" />
    <result column="ry3" jdbcType="VARCHAR" property="ry3" />
    <result column="ry4" jdbcType="VARCHAR" property="ry4" />
    <result column="ry5" jdbcType="VARCHAR" property="ry5" />
  </resultMap>
  <sql id="Base_Column_List">
    <!--
      WARNING - @mbg.generated
      This element is automatically generated by MyBatis Generator, do not modify.
    -->
    id, yhid, xm, dh, dz, spid, spmc, tp, sj, jq, zt, ry1, ry2, ry3, ry4, ry5
  </sql>

  <select id="selectlBysearch1" parameterType="java.lang.String" resultMap="BaseResultMap">
    select
    <include refid="Base_Column_List" />
    from ergm
    where  yhid = #{yhid,jdbcType=VARCHAR}
    order by sj desc
  </select>


  <select id="selectlBysearch22" parameterType="java.lang.String" resultMap="BaseResultMap">
    select
    <include refid="Base_Column_List" />
    from ergm
    where ry5 = #{ry5,jdbcType=VARCHAR}
    <if  test="spmc !=null and spmc != ''" >
      and  spmc like "%"#{spmc}"%"
    </if> order by  sj desc
  </select>

  <select id="selectlBysearch" parameterType="java.lang.String" resultMap="BaseResultMap">
    select
    <include refid="Base_Column_List" />
    from ergm
    where 1=1
    <if  test="spmc !=null and spmc != ''" >
      and  spmc like "%"#{spmc}"%"
    </if> order by  sj desc
  </select>

  <select id="selectlBysearch2" parameterType="java.lang.String" resultMap="BaseResultMap">
    select
    <include refid="Base_Column_List" />
    from  (
    select    id, yhid, '' xm, '' dh, '' dz, '' spid, '' spmc, '' tp, '' sj, '' jq, '' zt, '' ry1, '' ry2, '' ry3, '' ry4, '' ry5 from (
    select  sum(jq) id,date_format(`sj`,'%Y-%m-%d') yhid   from ergm   group by date_format(`sj`,'%Y-%m-%d')
    ) a)b  order by yhid desc
  </select>


  <select id="selectlBysearch3" parameterType="java.lang.String" resultMap="BaseResultMap">
    select
    <include refid="Base_Column_List" />
    from  (
    select    id, yhid, '' xm, '' dh, '' dz, '' spid, '' spmc, '' tp, '' sj, '' jq, '' zt, '' ry1, '' ry2, '' ry3, '' ry4, '' ry5 from (
    select  count(*) id,zt yhid   from ergm   group by zt
    ) a)b  order by yhid desc
  </select>

  <select id="selectlBysearch4" parameterType="java.lang.String" resultMap="BaseResultMap">
    select
    <include refid="Base_Column_List" />
    from  (
    select    id, yhid, '' xm, '' dh, '' dz, '' spid, '' spmc, '' tp, '' sj, '' jq, '' zt, '' ry1, '' ry2, '' ry3, '' ry4, '' ry5 from (
    select  sum(jq) id,spmc yhid   from ergm   group by spmc
    ) a)b  order by yhid desc
  </select>


  <select id="selectByPrimaryKey" parameterType="java.lang.String" resultMap="BaseResultMap">
    <!--
      WARNING - @mbg.generated
      This element is automatically generated by MyBatis Generator, do not modify.
    -->
    select 
    <include refid="Base_Column_List" />
    from ergm
    where id = #{id,jdbcType=VARCHAR}
  </select>
  <delete id="deleteByPrimaryKey" parameterType="java.lang.String">
    <!--
      WARNING - @mbg.generated
      This element is automatically generated by MyBatis Generator, do not modify.
    -->
    delete from ergm
    where id = #{id,jdbcType=VARCHAR}
  </delete>
  <insert id="insert" parameterType="com.example.test.bean.Ergm">
    <!--
      WARNING - @mbg.generated
      This element is automatically generated by MyBatis Generator, do not modify.
    -->
    insert into ergm (id, yhid, xm, 
      dh, dz, spid, spmc, 
      tp, sj, jq, zt, 
      ry1, ry2, ry3, ry4, 
      ry5)
    values (#{id,jdbcType=VARCHAR}, #{yhid,jdbcType=VARCHAR}, #{xm,jdbcType=VARCHAR}, 
      #{dh,jdbcType=VARCHAR}, #{dz,jdbcType=VARCHAR}, #{spid,jdbcType=VARCHAR}, #{spmc,jdbcType=VARCHAR}, 
      #{tp,jdbcType=VARCHAR}, #{sj,jdbcType=VARCHAR}, #{jq,jdbcType=VARCHAR}, #{zt,jdbcType=VARCHAR}, 
      #{ry1,jdbcType=VARCHAR}, #{ry2,jdbcType=VARCHAR}, #{ry3,jdbcType=VARCHAR}, #{ry4,jdbcType=VARCHAR}, 
      #{ry5,jdbcType=VARCHAR})
  </insert>
  <insert id="insertSelective" parameterType="com.example.test.bean.Ergm">
    <!--
      WARNING - @mbg.generated
      This element is automatically generated by MyBatis Generator, do not modify.
    -->
    insert into ergm
    <trim prefix="(" suffix=")" suffixOverrides=",">
      <if test="id != null">
        id,
      </if>
      <if test="yhid != null">
        yhid,
      </if>
      <if test="xm != null">
        xm,
      </if>
      <if test="dh != null">
        dh,
      </if>
      <if test="dz != null">
        dz,
      </if>
      <if test="spid != null">
        spid,
      </if>
      <if test="spmc != null">
        spmc,
      </if>
      <if test="tp != null">
        tp,
      </if>
      <if test="sj != null">
        sj,
      </if>
      <if test="jq != null">
        jq,
      </if>
      <if test="zt != null">
        zt,
      </if>
      <if test="ry1 != null">
        ry1,
      </if>
      <if test="ry2 != null">
        ry2,
      </if>
      <if test="ry3 != null">
        ry3,
      </if>
      <if test="ry4 != null">
        ry4,
      </if>
      <if test="ry5 != null">
        ry5,
      </if>
    </trim>
    <trim prefix="values (" suffix=")" suffixOverrides=",">
      <if test="id != null">
        #{id,jdbcType=VARCHAR},
      </if>
      <if test="yhid != null">
        #{yhid,jdbcType=VARCHAR},
      </if>
      <if test="xm != null">
        #{xm,jdbcType=VARCHAR},
      </if>
      <if test="dh != null">
        #{dh,jdbcType=VARCHAR},
      </if>
      <if test="dz != null">
        #{dz,jdbcType=VARCHAR},
      </if>
      <if test="spid != null">
        #{spid,jdbcType=VARCHAR},
      </if>
      <if test="spmc != null">
        #{spmc,jdbcType=VARCHAR},
      </if>
      <if test="tp != null">
        #{tp,jdbcType=VARCHAR},
      </if>
      <if test="sj != null">
        #{sj,jdbcType=VARCHAR},
      </if>
      <if test="jq != null">
        #{jq,jdbcType=VARCHAR},
      </if>
      <if test="zt != null">
        #{zt,jdbcType=VARCHAR},
      </if>
      <if test="ry1 != null">
        #{ry1,jdbcType=VARCHAR},
      </if>
      <if test="ry2 != null">
        #{ry2,jdbcType=VARCHAR},
      </if>
      <if test="ry3 != null">
        #{ry3,jdbcType=VARCHAR},
      </if>
      <if test="ry4 != null">
        #{ry4,jdbcType=VARCHAR},
      </if>
      <if test="ry5 != null">
        #{ry5,jdbcType=VARCHAR},
      </if>
    </trim>
  </insert>
  <update id="updateByPrimaryKeySelective" parameterType="com.example.test.bean.Ergm">
    <!--
      WARNING - @mbg.generated
      This element is automatically generated by MyBatis Generator, do not modify.
    -->
    update ergm
    <set>
      <if test="yhid != null">
        yhid = #{yhid,jdbcType=VARCHAR},
      </if>
      <if test="xm != null">
        xm = #{xm,jdbcType=VARCHAR},
      </if>
      <if test="dh != null">
        dh = #{dh,jdbcType=VARCHAR},
      </if>
      <if test="dz != null">
        dz = #{dz,jdbcType=VARCHAR},
      </if>
      <if test="spid != null">
        spid = #{spid,jdbcType=VARCHAR},
      </if>
      <if test="spmc != null">
        spmc = #{spmc,jdbcType=VARCHAR},
      </if>
      <if test="tp != null">
        tp = #{tp,jdbcType=VARCHAR},
      </if>
      <if test="sj != null">
        sj = #{sj,jdbcType=VARCHAR},
      </if>
      <if test="jq != null">
        jq = #{jq,jdbcType=VARCHAR},
      </if>
      <if test="zt != null">
        zt = #{zt,jdbcType=VARCHAR},
      </if>
      <if test="ry1 != null">
        ry1 = #{ry1,jdbcType=VARCHAR},
      </if>
      <if test="ry2 != null">
        ry2 = #{ry2,jdbcType=VARCHAR},
      </if>
      <if test="ry3 != null">
        ry3 = #{ry3,jdbcType=VARCHAR},
      </if>
      <if test="ry4 != null">
        ry4 = #{ry4,jdbcType=VARCHAR},
      </if>
      <if test="ry5 != null">
        ry5 = #{ry5,jdbcType=VARCHAR},
      </if>
    </set>
    where id = #{id,jdbcType=VARCHAR}
  </update>
  <update id="updateByPrimaryKey" parameterType="com.example.test.bean.Ergm">
    <!--
      WARNING - @mbg.generated
      This element is automatically generated by MyBatis Generator, do not modify.
    -->
    update ergm
    set yhid = #{yhid,jdbcType=VARCHAR},
      xm = #{xm,jdbcType=VARCHAR},
      dh = #{dh,jdbcType=VARCHAR},
      dz = #{dz,jdbcType=VARCHAR},
      spid = #{spid,jdbcType=VARCHAR},
      spmc = #{spmc,jdbcType=VARCHAR},
      tp = #{tp,jdbcType=VARCHAR},
      sj = #{sj,jdbcType=VARCHAR},
      jq = #{jq,jdbcType=VARCHAR},
      zt = #{zt,jdbcType=VARCHAR},
      ry1 = #{ry1,jdbcType=VARCHAR},
      ry2 = #{ry2,jdbcType=VARCHAR},
      ry3 = #{ry3,jdbcType=VARCHAR},
      ry4 = #{ry4,jdbcType=VARCHAR},
      ry5 = #{ry5,jdbcType=VARCHAR}
    where id = #{id,jdbcType=VARCHAR}
  </update>
</mapper>