<?xml version="1.0" encoding="UTF-8"?>
<!DOCTYPE mapper PUBLIC "-//mybatis.org//DTD Mapper 3.0//EN" "http://mybatis.org/dtd/mybatis-3-mapper.dtd">
<mapper namespace="com.example.test.mapper.ErpjMapper">
  <resultMap id="BaseResultMap" type="com.example.test.bean.Erpj">
    <!--
      WARNING - @mbg.generated
      This element is automatically generated by MyBatis Generator, do not modify.
    -->
    <id column="id" jdbcType="VARCHAR" property="id" />
    <result column="xm" jdbcType="VARCHAR" property="xm" />
    <result column="yhid" jdbcType="VARCHAR" property="yhid" />
    <result column="spid" jdbcType="VARCHAR" property="spid" />
    <result column="spmc" jdbcType="VARCHAR" property="spmc" />
    <result column="nr" jdbcType="VARCHAR" property="nr" />
    <result column="sj" jdbcType="VARCHAR" property="sj" />
    <result column="ry1" jdbcType="VARCHAR" property="ry1" />
    <result column="ry2" jdbcType="VARCHAR" property="ry2" />
    <result column="ry3" jdbcType="VARCHAR" property="ry3" />
    <result column="ry4" jdbcType="VARCHAR" property="ry4" />
    <result column="ry5" jdbcType="VARCHAR" property="ry5" />
  </resultMap>
  <sql id="Base_Column_List">
    <!--
      WARNING - @mbg.generated
      This element is automatically generated by MyBatis Generator, do not modify.
    -->
    id, xm, yhid, spid, spmc, nr, sj, ry1, ry2, ry3, ry4, ry5
  </sql>

  <select id="selectlBysearch1" parameterType="java.lang.String" resultMap="BaseResultMap">
    select
    <include refid="Base_Column_List" />
    from erpj
    where  spid = #{spid,jdbcType=VARCHAR}  order by sj desc
  </select>

  <select id="selectlBysearch" parameterType="java.lang.String" resultMap="BaseResultMap">
    select
    <include refid="Base_Column_List" />
    from erpj
    where 1=1
    <if  test="spmc !=null and spmc != ''" >
      and  spmc like "%"#{spmc}"%"
    </if> order by  sj desc
  </select>
  <select id="selectByPrimaryKey" parameterType="java.lang.String" resultMap="BaseResultMap">
    <!--
      WARNING - @mbg.generated
      This element is automatically generated by MyBatis Generator, do not modify.
    -->
    select 
    <include refid="Base_Column_List" />
    from erpj
    where id = #{id,jdbcType=VARCHAR}
  </select>
  <delete id="deleteByPrimaryKey" parameterType="java.lang.String">
    <!--
      WARNING - @mbg.generated
      This element is automatically generated by MyBatis Generator, do not modify.
    -->
    delete from erpj
    where id = #{id,jdbcType=VARCHAR}
  </delete>
  <insert id="insert" parameterType="com.example.test.bean.Erpj">
    <!--
      WARNING - @mbg.generated
      This element is automatically generated by MyBatis Generator, do not modify.
    -->
    insert into erpj (id, xm, yhid, 
      spid, spmc, nr, sj, 
      ry1, ry2, ry3, ry4, 
      ry5)
    values (#{id,jdbcType=VARCHAR}, #{xm,jdbcType=VARCHAR}, #{yhid,jdbcType=VARCHAR}, 
      #{spid,jdbcType=VARCHAR}, #{spmc,jdbcType=VARCHAR}, #{nr,jdbcType=VARCHAR}, #{sj,jdbcType=VARCHAR}, 
      #{ry1,jdbcType=VARCHAR}, #{ry2,jdbcType=VARCHAR}, #{ry3,jdbcType=VARCHAR}, #{ry4,jdbcType=VARCHAR}, 
      #{ry5,jdbcType=VARCHAR})
  </insert>
  <insert id="insertSelective" parameterType="com.example.test.bean.Erpj">
    <!--
      WARNING - @mbg.generated
      This element is automatically generated by MyBatis Generator, do not modify.
    -->
    insert into erpj
    <trim prefix="(" suffix=")" suffixOverrides=",">
      <if test="id != null">
        id,
      </if>
      <if test="xm != null">
        xm,
      </if>
      <if test="yhid != null">
        yhid,
      </if>
      <if test="spid != null">
        spid,
      </if>
      <if test="spmc != null">
        spmc,
      </if>
      <if test="nr != null">
        nr,
      </if>
      <if test="sj != null">
        sj,
      </if>
      <if test="ry1 != null">
        ry1,
      </if>
      <if test="ry2 != null">
        ry2,
      </if>
      <if test="ry3 != null">
        ry3,
      </if>
      <if test="ry4 != null">
        ry4,
      </if>
      <if test="ry5 != null">
        ry5,
      </if>
    </trim>
    <trim prefix="values (" suffix=")" suffixOverrides=",">
      <if test="id != null">
        #{id,jdbcType=VARCHAR},
      </if>
      <if test="xm != null">
        #{xm,jdbcType=VARCHAR},
      </if>
      <if test="yhid != null">
        #{yhid,jdbcType=VARCHAR},
      </if>
      <if test="spid != null">
        #{spid,jdbcType=VARCHAR},
      </if>
      <if test="spmc != null">
        #{spmc,jdbcType=VARCHAR},
      </if>
      <if test="nr != null">
        #{nr,jdbcType=VARCHAR},
      </if>
      <if test="sj != null">
        #{sj,jdbcType=VARCHAR},
      </if>
      <if test="ry1 != null">
        #{ry1,jdbcType=VARCHAR},
      </if>
      <if test="ry2 != null">
        #{ry2,jdbcType=VARCHAR},
      </if>
      <if test="ry3 != null">
        #{ry3,jdbcType=VARCHAR},
      </if>
      <if test="ry4 != null">
        #{ry4,jdbcType=VARCHAR},
      </if>
      <if test="ry5 != null">
        #{ry5,jdbcType=VARCHAR},
      </if>
    </trim>
  </insert>
  <update id="updateByPrimaryKeySelective" parameterType="com.example.test.bean.Erpj">
    <!--
      WARNING - @mbg.generated
      This element is automatically generated by MyBatis Generator, do not modify.
    -->
    update erpj
    <set>
      <if test="xm != null">
        xm = #{xm,jdbcType=VARCHAR},
      </if>
      <if test="yhid != null">
        yhid = #{yhid,jdbcType=VARCHAR},
      </if>
      <if test="spid != null">
        spid = #{spid,jdbcType=VARCHAR},
      </if>
      <if test="spmc != null">
        spmc = #{spmc,jdbcType=VARCHAR},
      </if>
      <if test="nr != null">
        nr = #{nr,jdbcType=VARCHAR},
      </if>
      <if test="sj != null">
        sj = #{sj,jdbcType=VARCHAR},
      </if>
      <if test="ry1 != null">
        ry1 = #{ry1,jdbcType=VARCHAR},
      </if>
      <if test="ry2 != null">
        ry2 = #{ry2,jdbcType=VARCHAR},
      </if>
      <if test="ry3 != null">
        ry3 = #{ry3,jdbcType=VARCHAR},
      </if>
      <if test="ry4 != null">
        ry4 = #{ry4,jdbcType=VARCHAR},
      </if>
      <if test="ry5 != null">
        ry5 = #{ry5,jdbcType=VARCHAR},
      </if>
    </set>
    where id = #{id,jdbcType=VARCHAR}
  </update>
  <update id="updateByPrimaryKey" parameterType="com.example.test.bean.Erpj">
    <!--
      WARNING - @mbg.generated
      This element is automatically generated by MyBatis Generator, do not modify.
    -->
    update erpj
    set xm = #{xm,jdbcType=VARCHAR},
      yhid = #{yhid,jdbcType=VARCHAR},
      spid = #{spid,jdbcType=VARCHAR},
      spmc = #{spmc,jdbcType=VARCHAR},
      nr = #{nr,jdbcType=VARCHAR},
      sj = #{sj,jdbcType=VARCHAR},
      ry1 = #{ry1,jdbcType=VARCHAR},
      ry2 = #{ry2,jdbcType=VARCHAR},
      ry3 = #{ry3,jdbcType=VARCHAR},
      ry4 = #{ry4,jdbcType=VARCHAR},
      ry5 = #{ry5,jdbcType=VARCHAR}
    where id = #{id,jdbcType=VARCHAR}
  </update>
</mapper>