<?xml version="1.0" encoding="UTF-8"?>
<!DOCTYPE mapper PUBLIC "-//mybatis.org//DTD Mapper 3.0//EN" "http://mybatis.org/dtd/mybatis-3-mapper.dtd">
<mapper namespace="com.example.test.mapper.ErspMapper">
  <resultMap id="BaseResultMap" type="com.example.test.bean.Ersp">
    <!--
      WARNING - @mbg.generated
      This element is automatically generated by MyBatis Generator, do not modify.
    -->
    <id column="id" jdbcType="VARCHAR" property="id" />
    <result column="mc" jdbcType="VARCHAR" property="mc" />
    <result column="jj" jdbcType="VARCHAR" property="jj" />
    <result column="yj" jdbcType="VARCHAR" property="yj" />
    <result column="xj" jdbcType="VARCHAR" property="xj" />
    <result column="pp" jdbcType="VARCHAR" property="pp" />
    <result column="cd" jdbcType="VARCHAR" property="cd" />
    <result column="pl" jdbcType="VARCHAR" property="pl" />
    <result column="jq" jdbcType="VARCHAR" property="jq" />
    <result column="tp" jdbcType="VARCHAR" property="tp" />
    <result column="lx" jdbcType="VARCHAR" property="lx" />
    <result column="ry1" jdbcType="VARCHAR" property="ry1" />
    <result column="ry2" jdbcType="VARCHAR" property="ry2" />
    <result column="ry3" jdbcType="VARCHAR" property="ry3" />
    <result column="ry4" jdbcType="VARCHAR" property="ry4" />
    <result column="ry5" jdbcType="VARCHAR" property="ry5" />
    <result column="ry6" jdbcType="VARCHAR" property="ry6" />
    <result column="ry7" jdbcType="VARCHAR" property="ry7" />
    <result column="ry8" jdbcType="VARCHAR" property="ry8" />
    <result column="ry9" jdbcType="VARCHAR" property="ry9" />
    <result column="ry10" jdbcType="VARCHAR" property="ry10" />
  </resultMap>
  <sql id="Base_Column_List">
    <!--
      WARNING - @mbg.generated
      This element is automatically generated by MyBatis Generator, do not modify.
    -->
    id, mc, jj, yj, xj, pp, cd, pl, jq, tp, lx, ry1, ry2, ry3, ry4, ry5, ry6, ry7, ry8, 
    ry9, ry10
  </sql>
  <select id="selectlBysearch" parameterType="java.lang.String" resultMap="BaseResultMap">
    select
    <include refid="Base_Column_List" />
    from ersp
    where 1=1
    <if  test="mc !=null and mc != ''" >
      and  mc like "%"#{mc}"%"
    </if> order by  ry6 desc
  </select>

  <select id="selectlBysearch1" parameterType="java.lang.String" resultMap="BaseResultMap">
    select
    <include refid="Base_Column_List" />
    from ersp
    where ry10 = #{ry10,jdbcType=VARCHAR}
    <if  test="mc !=null and mc != ''" >
      and  mc like "%"#{mc}"%"
    </if> order by  ry6 desc
  </select>



  <!--  最新6条-->
  <select id="selectlnew" parameterType="java.lang.String" resultMap="BaseResultMap">
    select
    <include refid="Base_Column_List" />
    from ersp   order by ry6  desc limit 5
  </select>

  <!--  销量TOP4-->
  <select id="selecttop" parameterType="java.lang.String" resultMap="BaseResultMap">
    select
    <include refid="Base_Column_List" />
    from ersp   order by ry1  desc limit 10
  </select>

  <!--  商品列表-->
  <select id="selectsplist" parameterType="java.lang.String" resultMap="BaseResultMap">
    select
    <include refid="Base_Column_List" />
    from ersp
    where 1=1
    <if  test="lx !=null and lx != ''" >
      and  lx =#{lx,jdbcType=VARCHAR}
    </if>
    order by ry6  desc
  </select>

  <select id="selectByPrimaryKey" parameterType="java.lang.String" resultMap="BaseResultMap">
    <!--
      WARNING - @mbg.generated
      This element is automatically generated by MyBatis Generator, do not modify.
    -->
    select 
    <include refid="Base_Column_List" />
    from ersp
    where id = #{id,jdbcType=VARCHAR}
  </select>
  <delete id="deleteByPrimaryKey" parameterType="java.lang.String">
    <!--
      WARNING - @mbg.generated
      This element is automatically generated by MyBatis Generator, do not modify.
    -->
    delete from ersp
    where id = #{id,jdbcType=VARCHAR}
  </delete>
  <insert id="insert" parameterType="com.example.test.bean.Ersp">
    <!--
      WARNING - @mbg.generated
      This element is automatically generated by MyBatis Generator, do not modify.
    -->
    insert into ersp (id, mc, jj, yj, 
      xj, pp, cd, pl, 
      jq, tp, lx, ry1, 
      ry2, ry3, ry4, ry5, 
      ry6, ry7, ry8, ry9, 
      ry10)
    values (#{id,jdbcType=VARCHAR}, #{mc,jdbcType=VARCHAR}, #{jj,jdbcType=VARCHAR}, #{yj,jdbcType=VARCHAR}, 
      #{xj,jdbcType=VARCHAR}, #{pp,jdbcType=VARCHAR}, #{cd,jdbcType=VARCHAR}, #{pl,jdbcType=VARCHAR}, 
      #{jq,jdbcType=VARCHAR}, #{tp,jdbcType=VARCHAR}, #{lx,jdbcType=VARCHAR}, #{ry1,jdbcType=VARCHAR}, 
      #{ry2,jdbcType=VARCHAR}, #{ry3,jdbcType=VARCHAR}, #{ry4,jdbcType=VARCHAR}, #{ry5,jdbcType=VARCHAR}, 
      #{ry6,jdbcType=VARCHAR}, #{ry7,jdbcType=VARCHAR}, #{ry8,jdbcType=VARCHAR}, #{ry9,jdbcType=VARCHAR}, 
      #{ry10,jdbcType=VARCHAR})
  </insert>
  <insert id="insertSelective" parameterType="com.example.test.bean.Ersp">
    <!--
      WARNING - @mbg.generated
      This element is automatically generated by MyBatis Generator, do not modify.
    -->
    insert into ersp
    <trim prefix="(" suffix=")" suffixOverrides=",">
      <if test="id != null">
        id,
      </if>
      <if test="mc != null">
        mc,
      </if>
      <if test="jj != null">
        jj,
      </if>
      <if test="yj != null">
        yj,
      </if>
      <if test="xj != null">
        xj,
      </if>
      <if test="pp != null">
        pp,
      </if>
      <if test="cd != null">
        cd,
      </if>
      <if test="pl != null">
        pl,
      </if>
      <if test="jq != null">
        jq,
      </if>
      <if test="tp != null">
        tp,
      </if>
      <if test="lx != null">
        lx,
      </if>
      <if test="ry1 != null">
        ry1,
      </if>
      <if test="ry2 != null">
        ry2,
      </if>
      <if test="ry3 != null">
        ry3,
      </if>
      <if test="ry4 != null">
        ry4,
      </if>
      <if test="ry5 != null">
        ry5,
      </if>
      <if test="ry6 != null">
        ry6,
      </if>
      <if test="ry7 != null">
        ry7,
      </if>
      <if test="ry8 != null">
        ry8,
      </if>
      <if test="ry9 != null">
        ry9,
      </if>
      <if test="ry10 != null">
        ry10,
      </if>
    </trim>
    <trim prefix="values (" suffix=")" suffixOverrides=",">
      <if test="id != null">
        #{id,jdbcType=VARCHAR},
      </if>
      <if test="mc != null">
        #{mc,jdbcType=VARCHAR},
      </if>
      <if test="jj != null">
        #{jj,jdbcType=VARCHAR},
      </if>
      <if test="yj != null">
        #{yj,jdbcType=VARCHAR},
      </if>
      <if test="xj != null">
        #{xj,jdbcType=VARCHAR},
      </if>
      <if test="pp != null">
        #{pp,jdbcType=VARCHAR},
      </if>
      <if test="cd != null">
        #{cd,jdbcType=VARCHAR},
      </if>
      <if test="pl != null">
        #{pl,jdbcType=VARCHAR},
      </if>
      <if test="jq != null">
        #{jq,jdbcType=VARCHAR},
      </if>
      <if test="tp != null">
        #{tp,jdbcType=VARCHAR},
      </if>
      <if test="lx != null">
        #{lx,jdbcType=VARCHAR},
      </if>
      <if test="ry1 != null">
        #{ry1,jdbcType=VARCHAR},
      </if>
      <if test="ry2 != null">
        #{ry2,jdbcType=VARCHAR},
      </if>
      <if test="ry3 != null">
        #{ry3,jdbcType=VARCHAR},
      </if>
      <if test="ry4 != null">
        #{ry4,jdbcType=VARCHAR},
      </if>
      <if test="ry5 != null">
        #{ry5,jdbcType=VARCHAR},
      </if>
      <if test="ry6 != null">
        #{ry6,jdbcType=VARCHAR},
      </if>
      <if test="ry7 != null">
        #{ry7,jdbcType=VARCHAR},
      </if>
      <if test="ry8 != null">
        #{ry8,jdbcType=VARCHAR},
      </if>
      <if test="ry9 != null">
        #{ry9,jdbcType=VARCHAR},
      </if>
      <if test="ry10 != null">
        #{ry10,jdbcType=VARCHAR},
      </if>
    </trim>
  </insert>
  <update id="updateByPrimaryKeySelective" parameterType="com.example.test.bean.Ersp">
    <!--
      WARNING - @mbg.generated
      This element is automatically generated by MyBatis Generator, do not modify.
    -->
    update ersp
    <set>
      <if test="mc != null">
        mc = #{mc,jdbcType=VARCHAR},
      </if>
      <if test="jj != null">
        jj = #{jj,jdbcType=VARCHAR},
      </if>
      <if test="yj != null">
        yj = #{yj,jdbcType=VARCHAR},
      </if>
      <if test="xj != null">
        xj = #{xj,jdbcType=VARCHAR},
      </if>
      <if test="pp != null">
        pp = #{pp,jdbcType=VARCHAR},
      </if>
      <if test="cd != null">
        cd = #{cd,jdbcType=VARCHAR},
      </if>
      <if test="pl != null">
        pl = #{pl,jdbcType=VARCHAR},
      </if>
      <if test="jq != null">
        jq = #{jq,jdbcType=VARCHAR},
      </if>
      <if test="tp != null">
        tp = #{tp,jdbcType=VARCHAR},
      </if>
      <if test="lx != null">
        lx = #{lx,jdbcType=VARCHAR},
      </if>
      <if test="ry1 != null">
        ry1 = #{ry1,jdbcType=VARCHAR},
      </if>
      <if test="ry2 != null">
        ry2 = #{ry2,jdbcType=VARCHAR},
      </if>
      <if test="ry3 != null">
        ry3 = #{ry3,jdbcType=VARCHAR},
      </if>
      <if test="ry4 != null">
        ry4 = #{ry4,jdbcType=VARCHAR},
      </if>
      <if test="ry5 != null">
        ry5 = #{ry5,jdbcType=VARCHAR},
      </if>
      <if test="ry6 != null">
        ry6 = #{ry6,jdbcType=VARCHAR},
      </if>
      <if test="ry7 != null">
        ry7 = #{ry7,jdbcType=VARCHAR},
      </if>
      <if test="ry8 != null">
        ry8 = #{ry8,jdbcType=VARCHAR},
      </if>
      <if test="ry9 != null">
        ry9 = #{ry9,jdbcType=VARCHAR},
      </if>
      <if test="ry10 != null">
        ry10 = #{ry10,jdbcType=VARCHAR},
      </if>
    </set>
    where id = #{id,jdbcType=VARCHAR}
  </update>
  <update id="updateByPrimaryKey" parameterType="com.example.test.bean.Ersp">
    <!--
      WARNING - @mbg.generated
      This element is automatically generated by MyBatis Generator, do not modify.
    -->
    update ersp
    set mc = #{mc,jdbcType=VARCHAR},
      jj = #{jj,jdbcType=VARCHAR},
      yj = #{yj,jdbcType=VARCHAR},
      xj = #{xj,jdbcType=VARCHAR},
      pp = #{pp,jdbcType=VARCHAR},
      cd = #{cd,jdbcType=VARCHAR},
      pl = #{pl,jdbcType=VARCHAR},
      jq = #{jq,jdbcType=VARCHAR},
      tp = #{tp,jdbcType=VARCHAR},
      lx = #{lx,jdbcType=VARCHAR},
      ry1 = #{ry1,jdbcType=VARCHAR},
      ry2 = #{ry2,jdbcType=VARCHAR},
      ry3 = #{ry3,jdbcType=VARCHAR},
      ry4 = #{ry4,jdbcType=VARCHAR},
      ry5 = #{ry5,jdbcType=VARCHAR},
      ry6 = #{ry6,jdbcType=VARCHAR},
      ry7 = #{ry7,jdbcType=VARCHAR},
      ry8 = #{ry8,jdbcType=VARCHAR},
      ry9 = #{ry9,jdbcType=VARCHAR},
      ry10 = #{ry10,jdbcType=VARCHAR}
    where id = #{id,jdbcType=VARCHAR}
  </update>
</mapper>