<?xml version="1.0" encoding="UTF-8"?>
<!DOCTYPE mapper PUBLIC "-//mybatis.org//DTD Mapper 3.0//EN" "http://mybatis.org/dtd/mybatis-3-mapper.dtd">
<mapper namespace="com.example.test.mapper.YhbMapper">
  <resultMap id="BaseResultMap" type="com.example.test.bean.Yhb">
    <!--
      WARNING - @mbg.generated
      This element is automatically generated by MyBatis Generator, do not modify.
    -->
    <id column="userid" jdbcType="VARCHAR" property="userid" />
    <result column="name" jdbcType="VARCHAR" property="name" />
    <result column="account" jdbcType="VARCHAR" property="account" />
    <result column="password" jdbcType="VARCHAR" property="password" />
    <result column="phone" jdbcType="VARCHAR" property="phone" />
    <result column="address" jdbcType="VARCHAR" property="address" />
    <result column="roles" jdbcType="VARCHAR" property="roles" />
    <result column="ry1" jdbcType="VARCHAR" property="ry1" />
    <result column="ry2" jdbcType="VARCHAR" property="ry2" />
    <result column="ry3" jdbcType="VARCHAR" property="ry3" />
    <result column="ry4" jdbcType="VARCHAR" property="ry4" />
    <result column="ry5" jdbcType="VARCHAR" property="ry5" />
    <result column="ry6" jdbcType="VARCHAR" property="ry6" />
    <result column="ry7" jdbcType="VARCHAR" property="ry7" />
    <result column="ry8" jdbcType="VARCHAR" property="ry8" />
    <result column="ry9" jdbcType="VARCHAR" property="ry9" />
    <result column="ry10" jdbcType="VARCHAR" property="ry10" />
  </resultMap>
  <sql id="Base_Column_List">
    <!--
      WARNING - @mbg.generated
      This element is automatically generated by MyBatis Generator, do not modify.
    -->
    userid, name, account, password, phone, address, roles, ry1, ry2, ry3, ry4, ry5, 
    ry6, ry7, ry8, ry9, ry10
  </sql>
  <select id="selectlBysearch" parameterType="java.lang.String" resultMap="BaseResultMap">
    select
    <include refid="Base_Column_List" />
    from yhb
    where 1=1
    <if  test="name !=null and name != ''" >
      and  name like "%"#{name}"%"
    </if>
  </select>

  <select id="selectlByaccount" parameterType="java.lang.String" resultMap="BaseResultMap">
    select
    <include refid="Base_Column_List" />
    from yhb
    where 1=1
    <if test="account !=null and account != ''">
      and  account = #{account,jdbcType=VARCHAR}
    </if>
  </select>

  <select id="selectllogin" parameterType="java.lang.String" resultMap="BaseResultMap">
    select
    <include refid="Base_Column_List" />
    from yhb
    where account = #{account} and password = #{password}
  </select>

  <select id="selectByPrimaryKey" parameterType="java.lang.String" resultMap="BaseResultMap">
    <!--
      WARNING - @mbg.generated
      This element is automatically generated by MyBatis Generator, do not modify.
    -->
    select 
    <include refid="Base_Column_List" />
    from yhb
    where userid = #{userid,jdbcType=VARCHAR}
  </select>
  <delete id="deleteByPrimaryKey" parameterType="java.lang.String">
    <!--
      WARNING - @mbg.generated
      This element is automatically generated by MyBatis Generator, do not modify.
    -->
    delete from yhb
    where userid = #{userid,jdbcType=VARCHAR}
  </delete>
  <insert id="insert" parameterType="com.example.test.bean.Yhb">
    <!--
      WARNING - @mbg.generated
      This element is automatically generated by MyBatis Generator, do not modify.
    -->
    insert into yhb (userid, name, account, 
      password, phone, address, 
      roles, ry1, ry2, ry3, 
      ry4, ry5, ry6, ry7, 
      ry8, ry9, ry10)
    values (#{userid,jdbcType=VARCHAR}, #{name,jdbcType=VARCHAR}, #{account,jdbcType=VARCHAR}, 
      #{password,jdbcType=VARCHAR}, #{phone,jdbcType=VARCHAR}, #{address,jdbcType=VARCHAR}, 
      #{roles,jdbcType=VARCHAR}, #{ry1,jdbcType=VARCHAR}, #{ry2,jdbcType=VARCHAR}, #{ry3,jdbcType=VARCHAR}, 
      #{ry4,jdbcType=VARCHAR}, #{ry5,jdbcType=VARCHAR}, #{ry6,jdbcType=VARCHAR}, #{ry7,jdbcType=VARCHAR}, 
      #{ry8,jdbcType=VARCHAR}, #{ry9,jdbcType=VARCHAR}, #{ry10,jdbcType=VARCHAR})
  </insert>
  <insert id="insertSelective" parameterType="com.example.test.bean.Yhb">
    <!--
      WARNING - @mbg.generated
      This element is automatically generated by MyBatis Generator, do not modify.
    -->
    insert into yhb
    <trim prefix="(" suffix=")" suffixOverrides=",">
      <if test="userid != null">
        userid,
      </if>
      <if test="name != null">
        name,
      </if>
      <if test="account != null">
        account,
      </if>
      <if test="password != null">
        password,
      </if>
      <if test="phone != null">
        phone,
      </if>
      <if test="address != null">
        address,
      </if>
      <if test="roles != null">
        roles,
      </if>
      <if test="ry1 != null">
        ry1,
      </if>
      <if test="ry2 != null">
        ry2,
      </if>
      <if test="ry3 != null">
        ry3,
      </if>
      <if test="ry4 != null">
        ry4,
      </if>
      <if test="ry5 != null">
        ry5,
      </if>
      <if test="ry6 != null">
        ry6,
      </if>
      <if test="ry7 != null">
        ry7,
      </if>
      <if test="ry8 != null">
        ry8,
      </if>
      <if test="ry9 != null">
        ry9,
      </if>
      <if test="ry10 != null">
        ry10,
      </if>
    </trim>
    <trim prefix="values (" suffix=")" suffixOverrides=",">
      <if test="userid != null">
        #{userid,jdbcType=VARCHAR},
      </if>
      <if test="name != null">
        #{name,jdbcType=VARCHAR},
      </if>
      <if test="account != null">
        #{account,jdbcType=VARCHAR},
      </if>
      <if test="password != null">
        #{password,jdbcType=VARCHAR},
      </if>
      <if test="phone != null">
        #{phone,jdbcType=VARCHAR},
      </if>
      <if test="address != null">
        #{address,jdbcType=VARCHAR},
      </if>
      <if test="roles != null">
        #{roles,jdbcType=VARCHAR},
      </if>
      <if test="ry1 != null">
        #{ry1,jdbcType=VARCHAR},
      </if>
      <if test="ry2 != null">
        #{ry2,jdbcType=VARCHAR},
      </if>
      <if test="ry3 != null">
        #{ry3,jdbcType=VARCHAR},
      </if>
      <if test="ry4 != null">
        #{ry4,jdbcType=VARCHAR},
      </if>
      <if test="ry5 != null">
        #{ry5,jdbcType=VARCHAR},
      </if>
      <if test="ry6 != null">
        #{ry6,jdbcType=VARCHAR},
      </if>
      <if test="ry7 != null">
        #{ry7,jdbcType=VARCHAR},
      </if>
      <if test="ry8 != null">
        #{ry8,jdbcType=VARCHAR},
      </if>
      <if test="ry9 != null">
        #{ry9,jdbcType=VARCHAR},
      </if>
      <if test="ry10 != null">
        #{ry10,jdbcType=VARCHAR},
      </if>
    </trim>
  </insert>
  <update id="updateByPrimaryKeySelective" parameterType="com.example.test.bean.Yhb">
    <!--
      WARNING - @mbg.generated
      This element is automatically generated by MyBatis Generator, do not modify.
    -->
    update yhb
    <set>
      <if test="name != null">
        name = #{name,jdbcType=VARCHAR},
      </if>
      <if test="account != null">
        account = #{account,jdbcType=VARCHAR},
      </if>
      <if test="password != null">
        password = #{password,jdbcType=VARCHAR},
      </if>
      <if test="phone != null">
        phone = #{phone,jdbcType=VARCHAR},
      </if>
      <if test="address != null">
        address = #{address,jdbcType=VARCHAR},
      </if>
      <if test="roles != null">
        roles = #{roles,jdbcType=VARCHAR},
      </if>
      <if test="ry1 != null">
        ry1 = #{ry1,jdbcType=VARCHAR},
      </if>
      <if test="ry2 != null">
        ry2 = #{ry2,jdbcType=VARCHAR},
      </if>
      <if test="ry3 != null">
        ry3 = #{ry3,jdbcType=VARCHAR},
      </if>
      <if test="ry4 != null">
        ry4 = #{ry4,jdbcType=VARCHAR},
      </if>
      <if test="ry5 != null">
        ry5 = #{ry5,jdbcType=VARCHAR},
      </if>
      <if test="ry6 != null">
        ry6 = #{ry6,jdbcType=VARCHAR},
      </if>
      <if test="ry7 != null">
        ry7 = #{ry7,jdbcType=VARCHAR},
      </if>
      <if test="ry8 != null">
        ry8 = #{ry8,jdbcType=VARCHAR},
      </if>
      <if test="ry9 != null">
        ry9 = #{ry9,jdbcType=VARCHAR},
      </if>
      <if test="ry10 != null">
        ry10 = #{ry10,jdbcType=VARCHAR},
      </if>
    </set>
    where userid = #{userid,jdbcType=VARCHAR}
  </update>
  <update id="updateByPrimaryKey" parameterType="com.example.test.bean.Yhb">
    <!--
      WARNING - @mbg.generated
      This element is automatically generated by MyBatis Generator, do not modify.
    -->
    update yhb
    set name = #{name,jdbcType=VARCHAR},
      account = #{account,jdbcType=VARCHAR},
      password = #{password,jdbcType=VARCHAR},
      phone = #{phone,jdbcType=VARCHAR},
      address = #{address,jdbcType=VARCHAR},
      roles = #{roles,jdbcType=VARCHAR},
      ry1 = #{ry1,jdbcType=VARCHAR},
      ry2 = #{ry2,jdbcType=VARCHAR},
      ry3 = #{ry3,jdbcType=VARCHAR},
      ry4 = #{ry4,jdbcType=VARCHAR},
      ry5 = #{ry5,jdbcType=VARCHAR},
      ry6 = #{ry6,jdbcType=VARCHAR},
      ry7 = #{ry7,jdbcType=VARCHAR},
      ry8 = #{ry8,jdbcType=VARCHAR},
      ry9 = #{ry9,jdbcType=VARCHAR},
      ry10 = #{ry10,jdbcType=VARCHAR}
    where userid = #{userid,jdbcType=VARCHAR}
  </update>
</mapper>